,id,name
0,1,sangvis_logo1
1,2,sangvis_logo2
2,3,sangvis_logo3
3,4,sangvis_logo4
4,5,sangvis_logo5
5,6,sangvis_logo6
6,7,sangvis_logo7
7,8,sangvis_logo8
8,9,sangvis_logo9
9,10,sangvis_logo10
10,11,sangvis_logo11
11,12,sangvis_logo12
12,13,sangvis_logo13
13,14,sangvis_logo14
14,15,sangvis_logo15
15,16,sangvis_logo16
16,17,sangvis_logo17
17,18,sangvis_logo18
18,19,sangvis_logo19
19,20,sangvis_logo20
20,21,sangvis_logo21
21,22,sangvis_logo22
22,23,sangvis_logo23
23,24,sangvis_logo24
24,25,sangvis_logo25
25,26,sangvis_logo26
26,27,sangvis_logo27
